{"cameraMode":{"drawMode":0,"name":"Shaded","section":"Shading Mode"},"sceneLighting":true,"audioPlay":false,"sceneViewState":{"showFog":true,"showMaterialUpdate":false,"showSkybox":true,"showFlares":true,"showImageEffects":true,"showParticleSystems":true},"in2DMode":false,"pivot":{"x":6.299555778503418,"y":-39.749107360839847,"z":-33.9569091796875},"rotation":{"x":-0.014148413203656674,"y":0.9860647320747376,"z":-0.11170078068971634,"w":-0.1240241751074791},"size":0.726180374622345,"orthographic":false}